steps,click_accuracy
2000,0.02674448
4000,0.1134259
6000,0.414606
8000,0.6618643
10000,0.7949994
12000,0.9124585
14000,0.8772805
16000,0.8949839
18000,0.8725658
20000,0.8911689
22000,0.9609239
24000,0.9755444
26000,0.9778302
28000,0.9730353
30000,0.9609681
32000,0.9773409
34000,0.9810172
36000,0.9863459
38000,0.9674256
40000,0.949987
42000,0.9523945
44000,0.9469368
46000,0.9402381
48000,0.9418065
50000,0.9231698
52000,0.9433877
54000,0.9612146
56000,0.9396357
58000,0.9163029
60000,0.9687135
62000,0.9720733
64000,0.9688296
66000,0.9713296
68000,0.9780217
70000,0.9876503
72000,0.988391
74000,0.9933126
76000,0.9883853
78000,0.997916
80000,0.9938918
82000,0.9869292
84000,0.9781546
86000,0.9706658
88000,0.982448
90000,0.9751682
92000,0.9851468
94000,0.9918356
96000,0.9951982
98000,0.9918349
100000,0.9707286
102000,0.9798219
104000,0.9845093
106000,0.9979243
108000,0.9965531
110000,0.9986365
112000,0.9979424
114000,0.9986367
116000,0.9986281
118000,1
120000,0.9979336
122000,1
124000,0.9965617
126000,0.9979507
128000,0.9993141
130000,0.9986197
132000,1
134000,1
136000,1
138000,0.9972728
140000,0.9993055
142000,1
144000,1
146000,1
148000,1
150000,1
152000,1
154000,1
156000,1
158000,1
160000,1
162000,1
164000,0.997239
166000,1
168000,1
170000,0.9993225
172000,1
174000,1
176000,1
178000,1
180000,1
182000,1
184000,1
186000,1
188000,1
190000,1
192000,1
194000,1
196000,1
198000,1
200000,1
202000,1
204000,1
206000,1
208000,0.9993055
210000,1
212000,1
214000,1
216000,1
218000,1
220000,1
222000,0.9993141
224000,1
226000,1
228000,1
230000,1
232000,1
234000,1
236000,0.9986282
238000,1
240000,1
242000,1
244000,1
246000,1
248000,1
250000,1
252000,1
254000,0.9993142
256000,1
258000,1
260000,1
262000,0.9993142
264000,1
266000,1
268000,1
270000,1
272000,1
274000,1
276000,1
278000,1
280000,1
282000,1
284000,1
286000,1
288000,1
290000,0.9993306
292000,1
294000,0.9993055
296000,1
298000,1
300000,1
