steps,click_accuracy
2000,0.01254474
4000,0.02972184
6000,0.04110951
8000,0.09283766
10000,0.09867916
12000,0.1806716
14000,0.1164641
16000,0.1337081
18000,0.1390428
20000,0.08222009
22000,0.1203704
24000,0.1058857
26000,0.05286495
28000,0.129797
30000,0.1043531
32000,0.1517094
34000,0.1231482
36000,0.1063458
38000,0.1680555
40000,0.6341569
42000,0.7882432
44000,0.7793742
46000,0.8102996
48000,0.8446801
50000,0.8737395
52000,0.9621516
54000,0.9705121
56000,0.9803814
58000,0.978881
60000,0.9680912
62000,0.9871989
64000,0.9830043
66000,0.985034
68000,0.9883367
70000,0.9905698
72000,0.9857915
74000,0.9810894
76000,0.9871402
78000,0.9882953
80000,0.9825183
82000,0.9476637
84000,0.9115285
86000,0.9473318
88000,0.9711505
90000,0.9480503
92000,0.9509854
94000,0.9717498
96000,0.9838235
98000,0.9816747
100000,0.9811683
102000,0.9751804
104000,0.987963
106000,0.9926031
108000,0.994495
110000,0.996587
112000,0.9979591
114000,0.9958588
116000,0.9945457
118000,0.993874
120000,0.9973061
122000,0.9931579
124000,0.9830996
126000,0.9783401
128000,0.9746239
130000,0.9786141
132000,0.9791745
134000,0.9818755
136000,0.9578468
138000,0.9455306
140000,0.9603807
142000,0.9824269
144000,0.9905139
146000,0.9944954
148000,0.9837601
150000,0.9785516
152000,0.9890752
154000,0.9877596
156000,0.9824958
158000,0.9850988
160000,0.9884959
162000,0.9844229
164000,0.9663882
166000,0.9601037
168000,0.9738228
170000,0.9806775
172000,0.9870988
174000,0.9804853
176000,0.9932157
178000,0.9898778
180000,0.9918271
182000,0.9925209
184000,0.9951814
186000,0.988472
188000,0.9818445
190000,0.9817385
192000,0.9830077
194000,0.9931992
196000,0.9979508
198000,1
200000,0.9979337
202000,0.9958504
204000,0.9837377
206000,0.9925385
208000,0.9959098
210000,0.9925374
212000,0.991901
214000,0.9931406
216000,0.9924884
218000,0.9877445
220000,0.9911404
222000,0.9938346
224000,0.9958846
226000,0.9823649
228000,0.9712812
230000,0.9725241
232000,0.9816782
234000,0.9905342
236000,0.9944785
238000,0.9958929
240000,0.9959009
242000,0.9945775
244000,0.9965349
246000,0.9952154
248000,0.9979675
250000,1
252000,0.9993141
254000,0.9993141
256000,0.9992968
258000,0.9993306
260000,0.9993141
262000,1
264000,1
266000,0.9952323
268000,0.9993225
270000,0.9979506
272000,0.9993306
274000,1
276000,0.9986367
278000,0.9993225
280000,1
282000,1
284000,1
286000,1
288000,1
290000,1
292000,1
294000,1
296000,1
298000,1
300000,1
