steps,click_accuracy
2000,0
4000,0.0002721088
6000,0.001111111
8000,0
