{"count":1,"self":38.3330464,"total":41.133401899999996,"children":{"AgentResetIfDone":{"count":1666,"self":0.0133498,"total":0.0133498,"children":null},"AgentSendState":{"count":1666,"self":0.0502759,"total":0.2246666,"children":{"CollectObservations":{"count":1666,"self":0.17439069999999998,"total":0.17439069999999998,"children":null}}},"DecideAction":{"count":1666,"self":2.4432404,"total":2.4432405,"children":null},"AcademyStep":{"count":1666,"self":0.013125999999999999,"total":0.013125999999999999,"children":null},"AgentAct":{"count":1666,"self":0.10497369999999999,"total":0.10497369999999999,"children":null}}}